Departure station,Departure,Return station,Return,Duration (sec.),Covered distance (m),departure_latitude,departure_longitude,return_latitude,return_longitude
Sabines,2023-12-15 23:45:50,Vert Bois,2023-12-16 00:16:11,1812,6391.0,43.5842231,3.8600317,,
Plan Cabanes,2023-12-15 23:45:17,Plan Cabanes,2023-12-15 23:51:58,397,95.0,43.60849965,3.868610969046943,43.60849965,3.868610969046943
Renouvier,2023-12-15 23:36:22,Halles Castellane,2023-12-15 23:41:32,309,1723.0,43.60358,3.8678865,43.61012445,3.876843401959306
Renouvier,2023-12-15 23:35:44,Renouvier,2023-12-15 23:36:05,17,0.0,43.60358,3.8678865,43.60358,3.8678865
Comédie,2023-12-15 23:29:34,Place Albert 1er - St-Charles,2023-12-15 23:36:52,434,1233.0,43.60918635,3.8815040936105776,43.6165623,3.874061
Corum,2023-12-15 23:28:41,Boutonnet,2023-12-15 23:36:34,467,1843.0,43.614366,3.882027979797976,43.6198269,3.8681402
Louis Blanc,2023-12-15 23:28:27,Port Marianne,2023-12-15 23:47:18,1126,3148.0,43.6146919,3.8782052427712976,43.6059165,3.9168169
Aiguelongue,2023-12-15 23:28:21,Vert Bois,2023-12-15 23:43:25,900,1574.0,43.6331438,3.8795261,,
Aiguelongue,2023-12-15 23:28:12,Vert Bois,2023-12-15 23:43:17,901,1707.0,43.6331438,3.8795261,,
Louis Blanc,2023-12-15 23:27:57,Port Marianne,2023-12-15 23:47:52,1189,3404.0,43.6146919,3.8782052427712976,43.6059165,3.9168169
Comédie,2023-12-15 23:27:56,Comédie,2023-12-15 23:29:00,54,8.0,43.60918635,3.8815040936105776,43.60918635,3.8815040936105776
Comédie,2023-12-15 23:26:48,Comédie,2023-12-16 00:40:31,4414,0.0,43.60918635,3.8815040936105776,43.60918635,3.8815040936105776
Comédie,2023-12-15 23:25:32,Comédie,2023-12-15 23:25:54,17,0.0,43.60918635,3.8815040936105776,43.60918635,3.8815040936105776
Observatoire,2023-12-15 23:25:26,Père Soulas,2023-12-15 23:36:39,666,2617.0,43.61452665,3.871080728556718,43.6219699,3.855618
Comédie,2023-12-15 23:25:06,Place Albert 1er - St-Charles,2023-12-15 23:36:59,708,1272.0,43.60918635,3.8815040936105776,43.6165623,3.874061
Place Albert 1er - St-Charles,2023-12-15 23:24:57,Plan Cabanes,2023-12-15 23:30:28,326,1382.0,43.6165623,3.874061,43.60849965,3.868610969046943
Renouvier,2023-12-15 23:24:21,Gambetta,2023-12-15 23:32:05,459,1170.0,43.60358,3.8678865,43.6040006,3.8713632
Antigone Centre,2023-12-15 23:20:32,Corum,2023-12-15 23:37:41,1025,2860.0,43.6079184,3.8905276,43.614366,3.882027979797976
Rue Jules Ferry,2023-12-15 23:13:45,Renouvier,2023-12-15 23:25:04,675,1484.0,43.60538357410034,3.881074193325897,43.60358,3.8678865
Marie Caizergues,2023-12-15 23:06:33,Marie Caizergues,2023-12-15 23:31:46,1509,994.0,43.619655,3.8733067,43.619655,3.8733067
Près d'Arènes,2023-12-15 23:03:12,Renouvier,2023-12-15 23:20:10,1013,2615.0,43.5936317,3.8877518,43.60358,3.8678865
Place Albert 1er - St-Charles,2023-12-15 23:01:03,Vert Bois,2023-12-15 23:20:22,1155,2636.0,43.6165623,3.874061,,
Nouveau Saint-Roch,2023-12-15 22:59:32,Près d'Arènes,2023-12-15 23:04:38,302,1351.0,43.5992903,3.8756446,43.5936317,3.8877518
Montpellier Sud de France,2023-12-15 22:45:38,Comédie,2023-12-15 23:09:07,1405,4768.0,43.595115,3.9239637,43.60918635,3.8815040936105776
Montpellier Sud de France,2023-12-15 22:44:10,Montpellier Sud de France,2023-12-15 22:44:47,32,0.0,43.595115,3.9239637,43.595115,3.9239637
Rue Jules Ferry,2023-12-15 22:36:46,Boutonnet,2023-12-15 22:50:30,820,2577.0,43.60538357410034,3.881074193325897,43.6198269,3.8681402
Tonnelles,2023-12-15 22:35:26,Nouveau Saint-Roch,2023-12-15 23:13:38,2286,8398.0,43.6140875,3.83801455899281,43.5992903,3.8756446
Comédie,2023-12-15 22:30:23,Médiathèque Emile Zola,2023-12-15 22:37:21,414,1408.0,43.60918635,3.8815040936105776,43.6082468,3.8930561
Comédie,2023-12-15 22:29:44,Comédie,2023-12-15 22:30:02,15,0.0,43.60918635,3.8815040936105776,43.60918635,3.8815040936105776
Comédie,2023-12-15 22:29:00,Comédie,2023-12-15 22:29:22,18,0.0,43.60918635,3.8815040936105776,43.60918635,3.8815040936105776
Antigone Centre,2023-12-15 22:21:55,Observatoire,2023-12-15 22:34:00,722,1639.0,43.6079184,3.8905276,43.61452665,3.871080728556718
Jardin de la Lironde,2023-12-15 22:19:59,Marie Caizergues,2023-12-15 22:40:56,1253,4090.0,43.6058517,3.9115715,43.619655,3.8733067
Comédie,2023-12-15 22:19:55,Les Aubes,2023-12-15 22:28:40,522,2084.0,43.60918635,3.8815040936105776,43.6192157,3.8913335
Jardin de la Lironde,2023-12-15 22:18:55,Marie Caizergues,2023-12-15 22:40:57,1318,4192.0,43.6058517,3.9115715,43.619655,3.8733067
Rue Jules Ferry,2023-12-15 22:10:39,Médiathèque Emile Zola,2023-12-15 22:16:16,333,1202.0,43.60538357410034,3.881074193325897,43.6082468,3.8930561
Louis Blanc,2023-12-15 21:45:06,Occitanie,2023-12-15 22:02:24,1025,3334.0,43.6146919,3.8782052427712976,43.6343466,3.8486780499999984
Louis Blanc,2023-12-15 21:43:53,Louis Blanc,2023-12-15 21:44:16,18,0.0,43.6146919,3.8782052427712976,43.6146919,3.8782052427712976
Médiathèque Emile Zola,2023-12-15 21:34:11,Rue Jules Ferry,2023-12-15 21:41:01,404,1306.0,43.6082468,3.8930561,43.60538357410034,3.881074193325897
Odysseum,2023-12-15 21:28:14,Nombre d'Or,2023-12-15 21:54:01,1542,4063.0,43.60441055,3.9212018171142855,43.6079002,3.8866534
Odysseum,2023-12-15 21:27:22,Odysseum,2023-12-15 21:27:46,20,0.0,43.60441055,3.9212018171142855,43.60441055,3.9212018171142855
Odysseum,2023-12-15 21:26:57,Nombre d'Or,2023-12-15 21:54:14,1633,3800.0,43.60441055,3.9212018171142855,43.6079002,3.8866534
Odysseum,2023-12-15 21:24:27,Nombre d'Or,2023-12-15 21:54:19,1788,3871.0,43.60441055,3.9212018171142855,43.6079002,3.8866534
Odysseum,2023-12-15 21:24:01,Odysseum,2023-12-15 21:24:22,16,0.0,43.60441055,3.9212018171142855,43.60441055,3.9212018171142855
Odysseum,2023-12-15 21:23:53,Nombre d'Or,2023-12-15 21:54:07,1809,3759.0,43.60441055,3.9212018171142855,43.6079002,3.8866534
Boutonnet,2023-12-15 21:19:18,Comedie Baudin,2023-12-16 00:25:14,10377,7418.0,43.6198269,3.8681402,,
Boutonnet,2023-12-15 21:13:29,Louis Blanc,2023-12-15 21:20:26,412,1335.0,43.6198269,3.8681402,43.6146919,3.8782052427712976
Boutonnet,2023-12-15 21:12:01,Louis Blanc,2023-12-15 21:20:22,496,1317.0,43.6198269,3.8681402,43.6146919,3.8782052427712976
Pont de Lattes - Gare St-Roch,2023-12-15 21:06:33,Place Viala,2023-12-15 21:22:04,926,3161.0,43.60431,3.88106,43.6168167,3.8550842
Fac des Sciences,2023-12-15 20:58:38,Aiguelongue,2023-12-15 21:04:38,355,1121.0,43.6312537,3.8612405,43.6331438,3.8795261
Place Viala,2023-12-15 20:52:08,Occitanie,2023-12-15 21:04:06,714,2838.0,43.6168167,3.8550842,43.6343466,3.8486780499999984
Fac des Sciences,2023-12-15 20:51:54,Gambetta,2023-12-15 21:04:32,751,2460.0,43.6312537,3.8612405,43.6040006,3.8713632
Voltaire,2023-12-15 20:51:48,Voltaire,2023-12-15 23:42:51,10259,7104.0,43.6037049,3.8892253,43.6037049,3.8892253
Boutonnet,2023-12-15 20:50:59,Hôtel de Ville,2023-12-15 21:07:05,961,4414.0,43.6198269,3.8681402,43.5985194,3.896631891721937
Voltaire,2023-12-15 20:49:11,Voltaire,2023-12-15 20:50:04,49,2.0,43.6037049,3.8892253,43.6037049,3.8892253
Observatoire,2023-12-15 20:48:32,Richter,2023-12-15 20:56:33,478,1978.0,43.61452665,3.871080728556718,43.6037969,3.8989223
Richter,2023-12-15 20:37:44,Pont de Lattes - Gare St-Roch,2023-12-15 20:51:12,804,1858.0,43.6037969,3.8989223,43.60431,3.88106
Vert Bois,2023-12-15 20:33:48,Aiguelongue,2023-12-15 20:42:31,518,1560.0,,,43.6331438,3.8795261
Albert 1er - Cathedrale,2023-12-15 20:31:35,Hôtel de Ville,2023-12-15 21:10:14,2316,5715.0,43.6148176,3.8737832,43.5985194,3.896631891721937
Albert 1er - Cathedrale,2023-12-15 20:31:11,Hôtel de Ville,2023-12-15 21:10:03,2328,6242.0,43.6148176,3.8737832,43.5985194,3.896631891721937
Fac des Sciences,2023-12-15 20:22:59,Saint-Guilhem - Courreau,2023-12-15 20:33:32,628,2438.0,43.6312537,3.8612405,43.6081132,3.8735064
Marie Caizergues,2023-12-15 20:18:53,Corum,2023-12-15 20:25:00,363,1037.0,43.619655,3.8733067,43.614366,3.882027979797976
Place Albert 1er - St-Charles,2023-12-15 20:18:18,Les Aubes,2023-12-15 20:27:51,569,1837.0,43.6165623,3.874061,43.6192157,3.8913335
Saint-Guilhem - Courreau,2023-12-15 20:10:12,Richter,2023-12-16 17:20:45,76227,3336.0,43.6081132,3.8735064,43.6037969,3.8989223
Halles Castellane,2023-12-15 20:09:26,Père Soulas,2023-12-15 20:25:52,976,2393.0,43.61012445,3.876843401959306,43.6219699,3.855618
Saint-Guilhem - Courreau,2023-12-15 20:08:58,Saint-Guilhem - Courreau,2023-12-15 22:53:27,9864,3201.0,43.6081132,3.8735064,43.6081132,3.8735064
Plan Cabanes,2023-12-15 19:58:40,Fac des Sciences,2023-12-15 20:15:55,1031,2726.0,43.60849965,3.868610969046943,43.6312537,3.8612405
Garcia Lorca,2023-12-15 19:56:43,Garcia Lorca,2023-12-15 20:32:51,2163,939.0,43.58775425,3.887108641280807,43.58775425,3.887108641280807
Celleneuve,2023-12-15 19:55:20,Plan Cabanes,2023-12-15 20:09:51,866,2942.0,43.6137045,3.8245262,43.60849965,3.868610969046943
Celleneuve,2023-12-15 19:54:51,Plan Cabanes,2023-12-15 20:09:46,891,3052.0,43.6137045,3.8245262,43.60849965,3.868610969046943
Port Marianne,2023-12-15 19:54:38,Observatoire,2023-12-15 20:05:46,662,2315.0,43.6059165,3.9168169,43.61452665,3.871080728556718
Providence-Ovalie,2023-12-15 19:50:27,Comédie,2023-12-15 20:07:02,990,3132.0,43.5882994,3.8534561,43.60918635,3.8815040936105776
Marie Caizergues,2023-12-15 19:49:15,Jardin de la Lironde,2023-12-15 20:03:30,850,4192.0,43.619655,3.8733067,43.6058517,3.9115715
Tonnelles,2023-12-15 19:46:25,Louis Blanc,2023-12-15 21:15:40,5351,4165.0,43.6140875,3.83801455899281,43.6146919,3.8782052427712976
Odysseum,2023-12-15 19:46:21,Saint-Denis,2023-12-15 20:05:08,1122,4280.0,43.60441055,3.9212018171142855,43.6050394,3.8750227
Rue Jules Ferry,2023-12-15 19:43:34,Jardin de la Lironde,2023-12-15 19:57:37,838,2881.0,43.60538357410034,3.881074193325897,43.6058517,3.9115715
Malbosc,2023-12-15 19:31:57,Place Viala,2023-12-15 19:45:58,836,3798.0,43.634623000000005,3.833112359072003,43.6168167,3.8550842
Charles Flahault,2023-12-15 19:28:33,Comédie,2023-12-15 19:39:21,644,1927.0,43.6184031,3.8663896,43.60918635,3.8815040936105776
Comédie,2023-12-15 19:20:08,Renouvier,2023-12-15 19:26:07,354,1133.0,43.60918635,3.8815040936105776,43.60358,3.8678865
Comédie,2023-12-15 19:19:07,Comédie,2023-12-15 19:19:37,26,2.0,43.60918635,3.8815040936105776,43.60918635,3.8815040936105776
Aiguelongue,2023-12-15 19:18:47,Boutonnet,2023-12-15 19:26:25,454,1721.0,43.6331438,3.8795261,43.6198269,3.8681402
Plan Cabanes,2023-12-15 19:15:44,Hôtel de Ville,2023-12-15 19:27:21,693,2552.0,43.60849965,3.868610969046943,43.5985194,3.896631891721937
Les Arceaux,2023-12-15 19:12:41,Plan Cabanes,2023-12-15 19:15:35,170,492.0,43.6118401,3.8623604,43.60849965,3.868610969046943
Renouvier,2023-12-15 19:12:08,Rue Jules Ferry,2023-12-15 19:21:00,528,1400.0,43.60358,3.8678865,43.60538357410034,3.881074193325897
Corum,2023-12-15 19:08:02,Place Viala,2023-12-15 19:22:24,857,2766.0,43.614366,3.882027979797976,43.6168167,3.8550842
Père Soulas,2023-12-15 19:04:48,Les Arceaux,2023-12-15 19:12:51,476,1500.0,43.6219699,3.855618,43.6118401,3.8623604
Place Viala,2023-12-15 18:56:59,Renouvier,2023-12-15 19:07:56,653,2152.0,43.6168167,3.8550842,43.60358,3.8678865
Deux Ponts - Gare Saint-Roch,2023-12-15 18:54:26,Richter,2023-12-15 19:01:27,416,1551.0,43.604359,3.8810025,43.6037969,3.8989223
Fac des Sciences,2023-12-15 18:46:59,Place Albert 1er - St-Charles,2023-12-15 22:30:52,13429,3502.0,43.6312537,3.8612405,43.6165623,3.874061
Les Arceaux,2023-12-15 18:45:36,Voltaire,2023-12-15 18:54:19,519,2250.0,43.6118401,3.8623604,43.6037049,3.8892253
Les Arceaux,2023-12-15 18:44:51,Les Arceaux,2023-12-15 18:45:17,22,2.0,43.6118401,3.8623604,43.6118401,3.8623604
Renouvier,2023-12-15 18:43:29,Odysseum,2023-12-15 19:05:53,1340,5141.0,43.60358,3.8678865,43.60441055,3.9212018171142855
Parvis Jules Ferry,2023-12-15 18:40:24,Nouveau Saint-Roch,2023-12-15 18:43:44,196,714.0,43.87068,3.83801,43.5992903,3.8756446
Odysseum,2023-12-15 18:39:41,Plan Cabanes,2023-12-15 19:03:27,1422,4753.0,43.60441055,3.9212018171142855,43.60849965,3.868610969046943
Richter,2023-12-15 18:37:28,Nouveau Saint-Roch,2023-12-15 18:51:40,847,2619.0,43.6037969,3.8989223,43.5992903,3.8756446
Odysseum,2023-12-15 18:36:54,Saint-Denis,2023-12-15 18:52:24,926,4045.0,43.60441055,3.9212018171142855,43.6050394,3.8750227
Médiathèque Emile Zola,2023-12-15 18:36:12,Renouvier,2023-12-15 18:54:36,1099,2436.0,43.6082468,3.8930561,43.60358,3.8678865
Nombre d'Or,2023-12-15 18:35:44,Hôtel de Ville,2023-12-15 18:40:49,299,1276.0,43.6079002,3.8866534,43.5985194,3.896631891721937
Médiathèque Emile Zola,2023-12-15 18:35:20,Port Marianne,2023-12-15 18:46:25,660,2223.0,43.6082468,3.8930561,43.6059165,3.9168169
Comédie,2023-12-15 18:32:39,Richter,2023-12-15 18:41:04,501,1933.0,43.60918635,3.8815040936105776,43.6037969,3.8989223
Observatoire,2023-12-15 18:24:15,Voltaire,2023-12-15 18:29:48,330,1092.0,43.61452665,3.871080728556718,43.6037049,3.8892253
Vert Bois,2023-12-15 18:21:26,Corum,2023-12-15 18:36:35,903,3410.0,,,43.614366,3.882027979797976
Place Albert 1er - St-Charles,2023-12-15 18:11:57,Garcia Lorca,2023-12-15 18:28:20,978,3834.0,43.6165623,3.874061,43.58775425,3.887108641280807
Nouveau Saint-Roch,2023-12-15 18:08:26,Garcia Lorca,2023-12-15 18:19:32,661,1933.0,43.5992903,3.8756446,43.58775425,3.887108641280807
Plan Cabanes,2023-12-15 18:07:12,Place Viala,2023-12-15 18:18:54,697,1727.0,43.60849965,3.868610969046943,43.6168167,3.8550842
Nouveau Saint-Roch,2023-12-15 18:07:03,Garcia Lorca,2023-12-15 18:19:42,753,2105.0,43.5992903,3.8756446,43.58775425,3.887108641280807
Cité Mion,2023-12-15 18:02:49,Nombre d'Or,2023-12-15 18:26:00,1386,2454.0,43.6011431,3.8844511,43.6079002,3.8866534
Marie Caizergues,2023-12-15 18:01:11,Parvis Jules Ferry,2023-12-15 18:10:48,572,2244.0,43.619655,3.8733067,43.87068,3.83801
Euromédecine,2023-12-15 17:58:59,Louis Blanc,2023-12-15 18:21:20,1336,6115.0,43.63893875,3.827694941374258,43.6146919,3.8782052427712976
Charles Flahault,2023-12-15 17:56:52,Halles Castellane,2023-12-15 18:06:37,584,1500.0,43.6184031,3.8663896,43.61012445,3.876843401959306
Boutonnet,2023-12-15 17:56:51,Aiguelongue,2023-12-15 18:07:15,620,1907.0,43.6198269,3.8681402,43.6331438,3.8795261
Renouvier,2023-12-15 17:56:44,Renouvier,2023-12-15 21:48:35,13906,15288.0,43.60358,3.8678865,43.60358,3.8678865
Gambetta,2023-12-15 17:52:18,Nouveau Saint-Roch,2023-12-15 20:47:11,10489,4039.0,43.6040006,3.8713632,43.5992903,3.8756446
Occitanie,2023-12-15 17:52:07,Saint-Guilhem - Courreau,2023-12-15 18:04:53,762,3399.0,43.6343466,3.8486780499999984,43.6081132,3.8735064
Saint-Denis,2023-12-15 17:42:14,Médiathèque Emile Zola,2023-12-15 17:50:21,483,1841.0,43.6050394,3.8750227,43.6082468,3.8930561
Fac des Sciences,2023-12-15 17:42:13,Père Soulas,2023-12-15 17:49:37,438,1462.0,43.6312537,3.8612405,43.6219699,3.855618
Parvis Jules Ferry,2023-12-15 17:41:07,Gambetta,2023-12-15 17:48:03,412,1157.0,43.87068,3.83801,43.6040006,3.8713632
Vert Bois,2023-12-15 17:39:20,Saint-Guilhem - Courreau,2023-12-15 17:52:33,788,3416.0,,,43.6081132,3.8735064
Saint-Denis,2023-12-15 17:39:19,Saint-Denis,2023-12-15 17:41:27,124,22.0,43.6050394,3.8750227,43.6050394,3.8750227
Saint-Denis,2023-12-15 17:38:20,Saint-Denis,2023-12-15 17:38:40,17,0.0,43.6050394,3.8750227,43.6050394,3.8750227
Fac des Sciences,2023-12-15 17:33:02,Parvis Jules Ferry,2023-12-15 17:55:12,1325,3598.0,43.6312537,3.8612405,43.87068,3.83801
Comédie,2023-12-15 17:31:05,Médiathèque Emile Zola,2023-12-15 17:39:46,517,1368.0,43.60918635,3.8815040936105776,43.6082468,3.8930561
Port Marianne,2023-12-15 17:30:34,Richter,2023-12-15 23:35:38,21902,2423.0,43.6059165,3.9168169,43.6037969,3.8989223
Rondelet,2023-12-15 17:30:24,Parvis Jules Ferry,2023-12-15 17:40:38,609,553.0,43.6041463,3.874830799999999,43.87068,3.83801
Comédie,2023-12-15 17:29:38,Comédie,2023-12-15 17:30:32,50,8.0,43.60918635,3.8815040936105776,43.60918635,3.8815040936105776
Place Albert 1er - St-Charles,2023-12-15 17:28:03,Aiguelongue,2023-12-15 17:38:42,635,1703.0,43.6165623,3.874061,43.6331438,3.8795261
Jardin de la Lironde,2023-12-15 17:26:49,Montpellier Sud de France,2023-12-15 17:34:07,435,1631.0,43.6058517,3.9115715,43.595115,3.9239637
Port Marianne,2023-12-15 17:26:24,Nombre d'Or,2023-12-15 17:37:47,679,2050.0,43.6059165,3.9168169,43.6079002,3.8866534
Renouvier,2023-12-15 17:25:16,Charles Flahault,2023-12-15 17:37:18,718,1711.0,43.60358,3.8678865,43.6184031,3.8663896
Renouvier,2023-12-15 17:24:35,Près d'Arènes,2023-12-15 17:36:12,692,2213.0,43.60358,3.8678865,43.5936317,3.8877518
Malbosc,2023-12-15 17:19:29,Comédie,2023-12-15 17:42:21,1366,5172.0,43.634623000000005,3.833112359072003,43.60918635,3.8815040936105776
Richter,2023-12-15 17:18:43,Nombre d'Or,2023-12-15 17:27:40,533,1576.0,43.6037969,3.8989223,43.6079002,3.8866534
Comédie,2023-12-15 17:18:28,Boutonnet,2023-12-15 17:28:02,569,2293.0,43.60918635,3.8815040936105776,43.6198269,3.8681402
Boutonnet,2023-12-15 17:17:27,Odysseum,2023-12-15 17:44:11,1601,6009.0,43.6198269,3.8681402,43.60441055,3.9212018171142855
Médiathèque Emile Zola,2023-12-15 17:15:40,Nouveau Saint-Roch,2023-12-15 20:15:37,10793,7385.0,43.6082468,3.8930561,43.5992903,3.8756446
Comédie,2023-12-15 17:10:07,Médiathèque Emile Zola,2023-12-15 17:18:07,476,1435.0,43.60918635,3.8815040936105776,43.6082468,3.8930561
Euromédecine,2023-12-15 17:08:54,Occitanie,2023-12-15 17:19:27,629,2570.0,43.63893875,3.827694941374258,43.6343466,3.8486780499999984
Comédie,2023-12-15 17:02:17,Renouvier,2023-12-15 17:15:52,809,1194.0,43.60918635,3.8815040936105776,43.60358,3.8678865
Vert Bois,2023-12-15 16:58:48,Sabines,2023-12-15 17:29:51,1859,6577.0,,,43.5842231,3.8600317
Louis Blanc,2023-12-15 16:54:30,Aiguelongue,2023-12-15 17:03:35,540,1519.0,43.6146919,3.8782052427712976,43.6331438,3.8795261
Pérols,2023-12-15 16:52:41,Pérols,2023-12-15 18:54:20,7295,4737.0,43.557928,3.963561,43.557928,3.963561
Pérols,2023-12-15 16:51:39,Pérols,2023-12-15 18:53:12,7289,4696.0,43.557928,3.963561,43.557928,3.963561
Comédie,2023-12-15 16:51:24,Vert Bois,2023-12-15 17:10:51,1163,3849.0,43.60918635,3.8815040936105776,,
Charles Flahault,2023-12-15 16:50:38,Saint-Guilhem - Courreau,2023-12-15 16:56:29,345,1259.0,43.6184031,3.8663896,43.6081132,3.8735064
Hôtel du Département,2023-12-15 16:47:49,Louis Blanc,2023-12-15 21:49:28,18095,5833.0,43.6219459,3.8349231,43.6146919,3.8782052427712976
Pérols,2023-12-15 16:47:29,Pérols,2023-12-15 18:09:39,4927,7408.0,43.557928,3.963561,43.557928,3.963561
Port Marianne,2023-12-15 16:46:08,Nouveau Saint-Roch,2023-12-15 17:29:27,2595,2899.0,43.6059165,3.9168169,43.5992903,3.8756446
Richter,2023-12-15 16:41:47,Odysseum,2023-12-15 16:49:54,483,2009.0,43.6037969,3.8989223,43.60441055,3.9212018171142855
Observatoire,2023-12-15 16:41:40,Plan Cabanes,2023-12-15 16:45:23,219,855.0,43.61452665,3.871080728556718,43.60849965,3.868610969046943
Comédie,2023-12-15 16:39:38,Pérols,2023-12-15 19:55:36,11753,21777.0,43.60918635,3.8815040936105776,43.557928,3.963561
Renouvier,2023-12-15 16:38:05,Renouvier,2023-12-15 18:05:35,5245,4845.0,43.60358,3.8678865,43.60358,3.8678865
Renouvier,2023-12-15 16:36:40,Renouvier,2023-12-15 18:05:02,5297,4567.0,43.60358,3.8678865,43.60358,3.8678865
Marie Caizergues,2023-12-15 16:35:54,Tonnelles,2023-12-15 16:53:20,1041,3361.0,43.619655,3.8733067,43.6140875,3.83801455899281
Halles Castellane,2023-12-15 16:31:33,Médiathèque Emile Zola,2023-12-15 16:41:02,560,1470.0,43.61012445,3.876843401959306,43.6082468,3.8930561
Saint-Guilhem - Courreau,2023-12-15 16:28:51,Saint-Guilhem - Courreau,2023-12-15 17:31:49,3773,2856.0,43.6081132,3.8735064,43.6081132,3.8735064
Boutonnet,2023-12-15 16:20:26,Saint-Guilhem - Courreau,2023-12-15 16:40:31,1202,2005.0,43.6198269,3.8681402,43.6081132,3.8735064
Plan Cabanes,2023-12-15 16:19:36,Boutonnet,2023-12-15 16:28:26,525,1974.0,43.60849965,3.868610969046943,43.6198269,3.8681402
Saint-Denis,2023-12-15 16:18:27,Plan Cabanes,2023-12-15 16:22:11,219,692.0,43.6050394,3.8750227,43.60849965,3.868610969046943
Nouveau Saint-Roch,2023-12-15 16:12:10,Près d'Arènes,2023-12-15 16:18:55,400,1339.0,43.5992903,3.8756446,43.5936317,3.8877518
Place Viala,2023-12-15 16:10:28,Parvis Jules Ferry,2023-12-15 16:20:28,596,2875.0,43.6168167,3.8550842,43.87068,3.83801
Corum,2023-12-15 16:06:54,Les Aubes,2023-12-15 16:26:12,1153,3187.0,43.614366,3.882027979797976,43.6192157,3.8913335
Richter,2023-12-15 16:06:51,Comédie,2023-12-15 16:47:22,2426,2101.0,43.6037969,3.8989223,43.60918635,3.8815040936105776
Antigone Centre,2023-12-15 16:04:20,Louis Blanc,2023-12-15 16:11:31,426,1541.0,43.6079184,3.8905276,43.6146919,3.8782052427712976
Richter,2023-12-15 16:00:31,Charles Flahault,2023-12-15 16:21:47,1272,3838.0,43.6037969,3.8989223,43.6184031,3.8663896
Voltaire,2023-12-15 15:59:40,Antigone Centre,2023-12-15 16:03:48,242,718.0,43.6037049,3.8892253,43.6079184,3.8905276
Pérols,2023-12-15 15:53:49,Pérols,2023-12-15 17:26:35,5562,6869.0,43.557928,3.963561,43.557928,3.963561
Observatoire,2023-12-15 15:53:21,Place Albert 1er - St-Charles,2023-12-15 16:00:07,402,1296.0,43.61452665,3.871080728556718,43.6165623,3.874061
Nouveau Saint-Roch,2023-12-15 15:52:28,Richter,2023-12-15 16:05:39,787,2677.0,43.5992903,3.8756446,43.6037969,3.8989223
Foch,2023-12-15 15:49:31,Odysseum,2023-12-15 16:09:42,1207,4361.0,43.6109947,3.8733344,43.60441055,3.9212018171142855
Comédie,2023-12-15 15:36:08,Foch,2023-12-15 15:40:42,270,663.0,43.60918635,3.8815040936105776,43.6109947,3.8733344
Place Viala,2023-12-15 15:35:35,Plan Cabanes,2023-12-15 15:42:51,433,1602.0,43.6168167,3.8550842,43.60849965,3.868610969046943
Gambetta,2023-12-15 15:35:31,Rue Jules Ferry,2023-12-15 15:41:22,343,1084.0,43.6040006,3.8713632,43.60538357410034,3.881074193325897
Pérols,2023-12-15 15:32:38,Pérols,2023-12-15 17:41:01,7700,12354.0,43.557928,3.963561,43.557928,3.963561
Louis Blanc,2023-12-15 15:28:05,Voltaire,2023-12-15 15:38:05,597,2252.0,43.6146919,3.8782052427712976,43.6037049,3.8892253
Antigone Centre,2023-12-15 15:24:48,Nombre d'Or,2023-12-15 17:26:39,7307,14261.0,43.6079184,3.8905276,43.6079002,3.8866534
Antigone Centre,2023-12-15 15:24:13,Nombre d'Or,2023-12-15 17:26:35,7338,14324.0,43.6079184,3.8905276,43.6079002,3.8866534
Rue Jules Ferry,2023-12-15 15:24:00,Médiathèque Emile Zola,2023-12-15 15:30:24,380,1178.0,43.60538357410034,3.881074193325897,43.6082468,3.8930561
Nouveau Saint-Roch,2023-12-15 15:23:56,Près d'Arènes,2023-12-15 15:30:52,410,1378.0,43.5992903,3.8756446,43.5936317,3.8877518
Nouveau Saint-Roch,2023-12-15 15:21:37,Près d'Arènes,2023-12-15 15:30:14,512,1364.0,43.5992903,3.8756446,43.5936317,3.8877518
Corum,2023-12-15 15:21:07,Place Viala,2023-12-15 15:41:50,1239,2687.0,43.614366,3.882027979797976,43.6168167,3.8550842
Corum,2023-12-15 15:20:14,Charles Flahault,2023-12-15 15:34:10,832,1429.0,43.614366,3.882027979797976,43.6184031,3.8663896
Richter,2023-12-15 15:17:15,Nombre d'Or,2023-12-15 15:25:16,477,1290.0,43.6037969,3.8989223,43.6079002,3.8866534
Nombre d'Or,2023-12-15 15:11:41,Antigone Centre,2023-12-15 18:48:26,13001,10271.0,43.6079002,3.8866534,43.6079184,3.8905276
Nombre d'Or,2023-12-15 15:11:26,Antigone Centre,2023-12-15 18:48:21,13011,10156.0,43.6079002,3.8866534,43.6079184,3.8905276
Louis Blanc,2023-12-15 15:05:17,Antigone Centre,2023-12-15 15:20:42,921,2062.0,43.6146919,3.8782052427712976,43.6079184,3.8905276
Louis Blanc,2023-12-15 15:04:13,Antigone Centre,2023-12-15 15:20:42,985,2033.0,43.6146919,3.8782052427712976,43.6079184,3.8905276
Pérols,2023-12-15 15:02:37,Pérols,2023-12-15 16:46:08,6207,4649.0,43.557928,3.963561,43.557928,3.963561
Vert Bois,2023-12-15 14:59:40,Marie Caizergues,2023-12-15 15:09:16,571,2064.0,,,43.619655,3.8733067
Sabines,2023-12-15 14:59:08,Sabines,2023-12-15 15:40:17,2465,5803.0,43.5842231,3.8600317,43.5842231,3.8600317
Vert Bois,2023-12-15 14:59:00,Vert Bois,2023-12-15 14:59:23,18,2.0,,,,
Vert Bois,2023-12-15 14:58:12,Vert Bois,2023-12-15 14:58:38,20,0.0,,,,
Fac des Sciences,2023-12-15 14:52:52,Emile Combes,2023-12-15 15:01:15,498,1727.0,43.6312537,3.8612405,43.6167422,3.8799722
Pérols,2023-12-15 14:48:33,Pérols,2023-12-16 12:01:22,76363,4561.0,43.557928,3.963561,43.557928,3.963561
Boutonnet,2023-12-15 14:43:11,Comédie,2023-12-15 14:53:29,615,2197.0,43.6198269,3.8681402,43.60918635,3.8815040936105776
Boutonnet,2023-12-15 14:40:39,Renouvier,2023-12-15 14:52:43,720,2209.0,43.6198269,3.8681402,43.60358,3.8678865
Boutonnet,2023-12-15 14:39:18,Renouvier,2023-12-15 14:52:23,779,2193.0,43.6198269,3.8681402,43.60358,3.8678865
Médiathèque Emile Zola,2023-12-15 14:39:08,Médiathèque Emile Zola,2023-12-15 15:52:02,4370,1698.0,43.6082468,3.8930561,43.6082468,3.8930561
Fac des Sciences,2023-12-15 14:39:05,Nombre d'Or,2023-12-15 19:14:33,16524,29590.0,43.6312537,3.8612405,43.6079002,3.8866534
Pérols,2023-12-15 14:28:57,Pérols,2023-12-15 17:47:26,11904,5932.0,43.557928,3.963561,43.557928,3.963561
Pérols,2023-12-15 14:28:02,Pérols,2023-12-15 14:28:29,23,0.0,43.557928,3.963561,43.557928,3.963561
Pérols,2023-12-15 14:27:24,Pérols,2023-12-15 17:47:34,12005,6038.0,43.557928,3.963561,43.557928,3.963561
Hôtel de Ville,2023-12-15 14:26:35,Hôtel de Ville,2023-12-15 15:13:30,2810,9037.0,43.5985194,3.896631891721937,43.5985194,3.896631891721937
Vert Bois,2023-12-15 14:20:03,Boutonnet,2023-12-15 14:28:27,500,2013.0,,,43.6198269,3.8681402
Boutonnet,2023-12-15 14:19:53,Saint-Guilhem - Courreau,2023-12-15 18:26:43,14806,29523.0,43.6198269,3.8681402,43.6081132,3.8735064
Vert Bois,2023-12-15 14:18:56,Vert Bois,2023-12-15 14:19:18,18,0.0,,,,
Deux Ponts - Gare Saint-Roch,2023-12-15 14:18:39,Port Marianne,2023-12-15 14:28:41,598,1941.0,43.604359,3.8810025,43.6059165,3.9168169
Médiathèque Emile Zola,2023-12-15 14:13:32,Renouvier,2023-12-15 14:27:17,821,2885.0,43.6082468,3.8930561,43.60358,3.8678865
Halles Castellane,2023-12-15 14:10:19,Place Albert 1er - St-Charles,2023-12-15 14:27:17,1009,1594.0,43.61012445,3.876843401959306,43.6165623,3.874061
AtelierTAM,2023-12-15 13:59:48,Fac des Sciences,2023-12-16 07:56:58,64625,67.0,,,43.6312537,3.8612405
Pont de Lattes - Gare St-Roch,2023-12-15 13:55:29,Richter,2023-12-15 14:02:49,435,1727.0,43.60431,3.88106,43.6037969,3.8989223
Pérols,2023-12-15 13:33:52,Pérols,2023-12-15 17:14:35,13238,4659.0,43.557928,3.963561,43.557928,3.963561
Saint-Guilhem - Courreau,2023-12-15 13:33:21,Boutonnet,2023-12-15 13:46:19,773,1870.0,43.6081132,3.8735064,43.6198269,3.8681402
Place Viala,2023-12-15 13:27:11,Observatoire,2023-12-15 13:35:41,504,2405.0,43.6168167,3.8550842,43.61452665,3.871080728556718
Plan Cabanes,2023-12-15 13:25:26,Plan Cabanes,2023-12-15 22:45:55,33626,8249.0,43.60849965,3.868610969046943,43.60849965,3.868610969046943
Pérols,2023-12-15 13:23:08,Pérols,2023-12-15 13:32:44,571,953.0,43.557928,3.963561,43.557928,3.963561
Pérols,2023-12-15 13:22:09,Pérols,2023-12-15 17:14:42,13947,5658.0,43.557928,3.963561,43.557928,3.963561
Nombre d'Or,2023-12-15 13:21:11,Montpellier Sud de France,2023-12-15 13:41:19,1204,4494.0,43.6079002,3.8866534,43.595115,3.9239637
Les Aubes,2023-12-15 13:20:41,Louis Blanc,2023-12-15 13:36:19,933,1905.0,43.6192157,3.8913335,43.6146919,3.8782052427712976
Garcia Lorca,2023-12-15 13:19:02,Fac des Sciences,2023-12-16 07:58:39,67171,20.0,43.58775425,3.887108641280807,43.6312537,3.8612405
Garcia Lorca,2023-12-15 13:19:00,Fac des Sciences,2023-12-16 07:59:42,67238,24.0,43.58775425,3.887108641280807,43.6312537,3.8612405
Garcia Lorca,2023-12-15 13:18:47,Fac des Sciences,2023-12-16 07:58:14,67163,22.0,43.58775425,3.887108641280807,43.6312537,3.8612405
Louis Blanc,2023-12-15 13:17:34,Boutonnet,2023-12-15 13:27:21,584,1333.0,43.6146919,3.8782052427712976,43.6198269,3.8681402
Vert Bois,2023-12-15 13:16:59,Boutonnet,2023-12-15 13:24:07,423,1845.0,,,43.6198269,3.8681402
Vert Bois,2023-12-15 13:16:14,Vert Bois,2023-12-15 13:16:40,22,0.0,,,,
Occitanie,2023-12-15 13:07:10,Montpellier Sud de France,2023-12-15 13:51:01,2628,9105.0,43.6343466,3.8486780499999984,43.595115,3.9239637
Les Aubes,2023-12-15 13:05:29,Corum,2023-12-15 13:10:42,309,1233.0,43.6192157,3.8913335,43.614366,3.882027979797976
Garcia Lorca,2023-12-15 12:54:19,Garcia Lorca,2023-12-15 17:31:59,16656,28110.0,43.58775425,3.887108641280807,43.58775425,3.887108641280807
Garcia Lorca,2023-12-15 12:53:41,Garcia Lorca,2023-12-15 17:32:26,16722,28151.0,43.58775425,3.887108641280807,43.58775425,3.887108641280807
Place Albert 1er - St-Charles,2023-12-15 12:52:17,Hôtel de Ville,2023-12-17 17:16:30,188647,3299.0,43.6165623,3.874061,43.5985194,3.896631891721937
Beaux-Arts,2023-12-15 12:51:53,Observatoire,2023-12-15 12:58:04,366,1439.0,43.6164388,3.8803169,43.61452665,3.871080728556718
Celleneuve,2023-12-15 12:44:28,Observatoire,2023-12-15 12:57:42,789,3851.0,43.6137045,3.8245262,43.61452665,3.871080728556718
Fac des Sciences,2023-12-15 12:41:35,Marie Caizergues,2023-12-15 12:46:40,299,965.0,43.6312537,3.8612405,43.619655,3.8733067
Louis Blanc,2023-12-15 12:21:42,Corum,2023-12-15 13:27:45,3959,2956.0,43.6146919,3.8782052427712976,43.614366,3.882027979797976
Louis Blanc,2023-12-15 12:16:52,Charles Flahault,2023-12-15 12:22:42,346,1059.0,43.6146919,3.8782052427712976,43.6184031,3.8663896
Saint-Denis,2023-12-15 12:16:52,Saint-Denis,2023-12-15 12:28:17,681,1482.0,43.6050394,3.8750227,43.6050394,3.8750227
AtelierTAM,2023-12-15 12:10:19,Fac des Sciences,2023-12-16 07:57:54,71251,53.0,,,43.6312537,3.8612405
Deux Ponts - Gare Saint-Roch,2023-12-15 12:08:51,Deux Ponts - Gare Saint-Roch,2023-12-15 15:00:04,10270,26543.0,43.604359,3.8810025,43.604359,3.8810025
Deux Ponts - Gare Saint-Roch,2023-12-15 12:08:07,Deux Ponts - Gare Saint-Roch,2023-12-15 16:57:05,17334,26929.0,43.604359,3.8810025,43.604359,3.8810025
Place Viala,2023-12-15 12:06:05,Saint-Denis,2023-12-15 12:14:56,527,2199.0,43.6168167,3.8550842,43.6050394,3.8750227
Les Arceaux,2023-12-15 12:04:29,Place Viala,2023-12-15 12:12:05,451,1202.0,43.6118401,3.8623604,43.6168167,3.8550842
Les Arceaux,2023-12-15 12:02:30,Corum,2023-12-15 12:08:05,330,1408.0,43.6118401,3.8623604,43.614366,3.882027979797976
Vert Bois,2023-12-15 12:01:50,Port Marianne,2023-12-15 12:33:50,1916,5848.0,,,43.6059165,3.9168169
Vert Bois,2023-12-15 12:01:25,Port Marianne,2023-12-15 12:33:25,1915,5791.0,,,43.6059165,3.9168169
Charles Flahault,2023-12-15 11:59:39,Plan Cabanes,2023-12-15 12:07:17,453,1347.0,43.6184031,3.8663896,43.60849965,3.868610969046943
Pérols,2023-12-15 11:56:26,Pérols,2023-12-15 14:29:17,9167,17971.0,43.557928,3.963561,43.557928,3.963561
Place Viala,2023-12-15 11:56:13,Les Arceaux,2023-12-15 12:02:01,344,1225.0,43.6168167,3.8550842,43.6118401,3.8623604
AtelierTAM,2023-12-15 11:52:51,Fac des Sciences,2023-12-16 07:57:36,72279,69.0,,,43.6312537,3.8612405
Rondelet,2023-12-15 11:50:39,Port Marianne,2023-12-15 12:02:17,694,2419.0,43.6041463,3.874830799999999,43.6059165,3.9168169
Rondelet,2023-12-15 11:49:56,Rondelet,2023-12-15 11:50:26,25,2.0,43.6041463,3.874830799999999,43.6041463,3.874830799999999
Boutonnet,2023-12-15 11:48:45,Voltaire,2023-12-15 12:04:27,938,3432.0,43.6198269,3.8681402,43.6037049,3.8892253
Rondelet,2023-12-15 11:48:09,Rondelet,2023-12-15 11:49:15,60,20.0,43.6041463,3.874830799999999,43.6041463,3.874830799999999
Pont de Lattes - Gare St-Roch,2023-12-15 11:48:07,Place Viala,2023-12-15 12:08:44,1232,3957.0,43.60431,3.88106,43.6168167,3.8550842
Antigone Centre,2023-12-15 11:44:54,Hôtel de Ville,2023-12-15 11:59:51,893,1811.0,43.6079184,3.8905276,43.5985194,3.896631891721937
Près d'Arènes,2023-12-15 11:40:28,Nouveau Saint-Roch,2023-12-15 11:48:30,477,1447.0,43.5936317,3.8877518,43.5992903,3.8756446
Deux Ponts - Gare Saint-Roch,2023-12-15 11:37:35,Deux Ponts - Gare Saint-Roch,2023-12-15 13:14:13,5792,10873.0,43.604359,3.8810025,43.604359,3.8810025
Père Soulas,2023-12-15 11:25:54,Antigone Centre,2023-12-15 11:47:14,1276,3591.0,43.6219699,3.855618,43.6079184,3.8905276
Hôtel du Département,2023-12-15 11:20:12,Nouveau Saint-Roch,2023-12-15 11:40:59,1242,5025.0,43.6219459,3.8349231,43.5992903,3.8756446
Voltaire,2023-12-15 11:20:11,Les Arceaux,2023-12-15 11:29:20,545,2248.0,43.6037049,3.8892253,43.6118401,3.8623604
Comédie,2023-12-15 11:20:10,Nouveau Saint-Roch,2023-12-15 11:25:43,329,1035.0,43.60918635,3.8815040936105776,43.5992903,3.8756446
Providence-Ovalie,2023-12-15 11:18:03,Providence-Ovalie,2023-12-15 11:18:21,14,0.0,43.5882994,3.8534561,43.5882994,3.8534561
Place Viala,2023-12-15 11:09:08,Les Arceaux,2023-12-15 11:14:48,336,1255.0,43.6168167,3.8550842,43.6118401,3.8623604
AtelierTAM,2023-12-15 11:08:22,Fac des Sciences,2023-12-16 07:57:21,74936,292.0,,,43.6312537,3.8612405
Albert 1er - Cathedrale,2023-12-15 11:08:05,Place Albert 1er - St-Charles,2023-12-15 11:15:23,433,596.0,43.6148176,3.8737832,43.6165623,3.874061
Boutonnet,2023-12-15 11:08:03,Observatoire,2023-12-15 11:19:56,709,2199.0,43.6198269,3.8681402,43.61452665,3.871080728556718
Louis Blanc,2023-12-15 11:05:20,Place Albert 1er - St-Charles,2023-12-15 11:29:58,1474,1239.0,43.6146919,3.8782052427712976,43.6165623,3.874061
Voltaire,2023-12-15 11:04:10,Boutonnet,2023-12-15 11:19:27,912,3077.0,43.6037049,3.8892253,43.6198269,3.8681402
Vert Bois,2023-12-15 11:02:46,Nombre d'Or,2023-12-15 11:24:54,1323,4845.0,,,43.6079002,3.8866534
Saint-Guilhem - Courreau,2023-12-15 10:56:44,Saint-Guilhem - Courreau,2023-12-15 11:59:37,3769,2088.0,43.6081132,3.8735064,43.6081132,3.8735064
Place Viala,2023-12-15 10:55:54,Albert 1er - Cathedrale,2023-12-15 11:04:39,521,1825.0,43.6168167,3.8550842,43.6148176,3.8737832
Odysseum,2023-12-15 10:45:13,Port Marianne,2023-12-15 10:58:23,786,1972.0,43.60441055,3.9212018171142855,43.6059165,3.9168169
Renouvier,2023-12-15 10:33:16,Beaux-Arts,2023-12-15 10:46:50,808,2380.0,43.60358,3.8678865,43.6164388,3.8803169
Médiathèque Emile Zola,2023-12-15 10:30:53,AtelierTAM,2023-12-15 11:32:17,3680,34.0,43.6082468,3.8930561,,
Comédie,2023-12-15 10:29:58,Comédie,2023-12-15 16:38:37,22115,2478.0,43.60918635,3.8815040936105776,43.60918635,3.8815040936105776
Hôtel de Ville,2023-12-15 10:29:43,Richter,2023-12-15 10:32:46,179,641.0,43.5985194,3.896631891721937,43.6037969,3.8989223
Halles Castellane,2023-12-15 10:28:33,Renouvier,2023-12-15 10:34:36,353,1116.0,43.61012445,3.876843401959306,43.60358,3.8678865
Renouvier,2023-12-15 10:20:41,Boutonnet,2023-12-15 10:33:13,747,2235.0,43.60358,3.8678865,43.6198269,3.8681402
Plan Cabanes,2023-12-15 10:18:09,Rue Jules Ferry,2023-12-15 10:23:22,306,1184.0,43.60849965,3.868610969046943,43.60538357410034,3.881074193325897
Boutonnet,2023-12-15 10:16:53,Corum,2023-12-15 10:24:14,437,1680.0,43.6198269,3.8681402,43.614366,3.882027979797976
Place Albert 1er - St-Charles,2023-12-15 10:15:04,AtelierTAM,2023-12-15 10:28:46,818,36.0,43.6165623,3.874061,,
Pérols,2023-12-15 10:13:55,Pérols,2023-12-15 13:28:43,11684,8466.0,43.557928,3.963561,43.557928,3.963561
Place Albert 1er - St-Charles,2023-12-15 10:13:53,Hôtel du Département,2023-12-15 11:00:16,2779,38.0,43.6165623,3.874061,43.6219459,3.8349231
Place Albert 1er - St-Charles,2023-12-15 10:13:38,AtelierTAM,2023-12-15 10:30:15,993,36.0,43.6165623,3.874061,,
Place Albert 1er - St-Charles,2023-12-15 10:12:29,AtelierTAM,2023-12-16 09:43:59,84686,53.0,43.6165623,3.874061,,
Place Albert 1er - St-Charles,2023-12-15 10:12:08,Hôtel du Département,2023-12-15 11:00:49,2917,46.0,43.6165623,3.874061,43.6219459,3.8349231
Place Albert 1er - St-Charles,2023-12-15 10:11:32,AtelierTAM,2023-12-15 10:27:30,954,30.0,43.6165623,3.874061,,
Place Albert 1er - St-Charles,2023-12-15 10:10:10,Occitanie,2023-12-16 08:08:23,79086,32.0,43.6165623,3.874061,43.6343466,3.8486780499999984
Place Albert 1er - St-Charles,2023-12-15 10:09:58,Fac des Sciences,2023-12-16 08:00:55,78651,28.0,43.6165623,3.874061,43.6312537,3.8612405
Place Albert 1er - St-Charles,2023-12-15 10:08:35,Occitanie,2023-12-16 08:09:31,79251,26.0,43.6165623,3.874061,43.6343466,3.8486780499999984
Observatoire,2023-12-15 10:08:34,Beaux-Arts,2023-12-15 10:15:07,389,1466.0,43.61452665,3.871080728556718,43.6164388,3.8803169
Place Albert 1er - St-Charles,2023-12-15 10:08:11,Occitanie,2023-12-16 08:10:20,79322,28.0,43.6165623,3.874061,43.6343466,3.8486780499999984
Observatoire,2023-12-15 10:07:53,Observatoire,2023-12-15 10:08:18,21,0.0,43.61452665,3.871080728556718,43.61452665,3.871080728556718
Place Albert 1er - St-Charles,2023-12-15 10:07:05,Malbosc,2023-12-16 08:18:07,79857,28.0,43.6165623,3.874061,43.634623000000005,3.833112359072003
Place Albert 1er - St-Charles,2023-12-15 10:06:47,Occitanie,2023-12-16 08:10:16,79403,30.0,43.6165623,3.874061,43.6343466,3.8486780499999984
Place Albert 1er - St-Charles,2023-12-15 10:05:51,Malbosc,2023-12-16 08:18:52,79975,22.0,43.6165623,3.874061,43.634623000000005,3.833112359072003
Place Albert 1er - St-Charles,2023-12-15 10:05:16,Malbosc,2023-12-16 08:19:25,80043,24.0,43.6165623,3.874061,43.634623000000005,3.833112359072003
Place Albert 1er - St-Charles,2023-12-15 10:04:59,Malbosc,2023-12-16 08:19:57,80091,24.0,43.6165623,3.874061,43.634623000000005,3.833112359072003
Rue Jules Ferry,2023-12-15 09:59:56,Rondelet,2023-12-15 11:00:35,3635,3393.0,43.60538357410034,3.881074193325897,43.6041463,3.874830799999999
AtelierTAM,2023-12-15 09:55:55,Place Viala,2023-12-15 10:50:12,3254,61.0,,,43.6168167,3.8550842
Marie Caizergues,2023-12-15 09:54:31,Fac des Sciences,2023-12-15 09:59:42,307,967.0,43.619655,3.8733067,43.6312537,3.8612405
AtelierTAM,2023-12-15 09:52:34,Hôtel du Département,2023-12-15 11:00:17,4060,46.0,,,43.6219459,3.8349231
Foch,2023-12-15 09:52:26,Hôtel du Département,2023-12-15 10:10:06,1055,3834.0,43.6109947,3.8733344,43.6219459,3.8349231
Père Soulas,2023-12-15 09:50:37,Beaux-Arts,2023-12-15 10:00:38,598,2648.0,43.6219699,3.855618,43.6164388,3.8803169
Occitanie,2023-12-15 09:49:35,Emile Combes,2023-12-15 12:24:39,9300,6881.0,43.6343466,3.8486780499999984,43.6167422,3.8799722
Marie Caizergues,2023-12-15 09:46:18,Les Arceaux,2023-12-15 09:51:41,319,1147.0,43.619655,3.8733067,43.6118401,3.8623604
Vert Bois,2023-12-15 09:45:29,Saint-Guilhem - Courreau,2023-12-15 10:00:50,916,3510.0,,,43.6081132,3.8735064
Père Soulas,2023-12-15 09:45:05,Comédie,2023-12-15 09:59:34,865,2621.0,43.6219699,3.855618,43.60918635,3.8815040936105776
Halles Castellane,2023-12-15 09:43:06,Saint-Denis,2023-12-15 09:46:33,197,633.0,43.61012445,3.876843401959306,43.6050394,3.8750227
Les Arceaux,2023-12-15 09:39:10,Place Albert 1er - St-Charles,2023-12-15 09:44:43,329,910.0,43.6118401,3.8623604,43.6165623,3.874061
Boutonnet,2023-12-15 09:35:24,Richter,2023-12-15 09:53:37,1088,3990.0,43.6198269,3.8681402,43.6037969,3.8989223
Jean de Beins,2023-12-15 09:27:30,Antigone Centre,2023-12-15 09:35:33,479,677.0,,,43.6079184,3.8905276
Renouvier,2023-12-15 09:16:16,Place Albert 1er - St-Charles,2023-12-15 09:24:23,482,1799.0,43.60358,3.8678865,43.6165623,3.874061
Renouvier,2023-12-15 09:16:07,Place Albert 1er - St-Charles,2023-12-15 09:24:17,486,1801.0,43.60358,3.8678865,43.6165623,3.874061
Rue Jules Ferry,2023-12-15 09:09:30,Odysseum,2023-12-15 10:38:00,5306,3448.0,43.60538357410034,3.881074193325897,43.60441055,3.9212018171142855
Rondelet,2023-12-15 09:09:01,Halles Castellane,2023-12-15 09:13:38,278,978.0,43.6041463,3.874830799999999,43.61012445,3.876843401959306
Parvis Jules Ferry,2023-12-15 09:07:20,Gambetta,2023-12-15 11:04:20,7016,7406.0,43.87068,3.83801,43.6040006,3.8713632
Nombre d'Or,2023-12-15 09:05:00,Médiathèque Emile Zola,2023-12-15 10:30:40,200,563.0,43.6079002,3.8866534,43.6082468,3.8930561
Renouvier,2023-12-15 08:59:11,Antigone Centre,2023-12-15 09:10:22,667,2340.0,43.60358,3.8678865,43.6079184,3.8905276
Comedie Baudin,2023-12-15 08:57:42,Gambetta,2023-12-15 10:22:01,5055,3783.0,,,43.6040006,3.8713632
Saint-Guilhem - Courreau,2023-12-15 08:55:47,Saint-Guilhem - Courreau,2023-12-15 13:59:44,18232,4079.0,43.6081132,3.8735064,43.6081132,3.8735064
Place Albert 1er - St-Charles,2023-12-15 08:53:03,Richter,2023-12-15 09:07:28,861,2883.0,43.6165623,3.874061,43.6037969,3.8989223
Aiguelongue,2023-12-15 08:50:21,Place Albert 1er - St-Charles,2023-12-15 08:58:54,507,1829.0,43.6331438,3.8795261,43.6165623,3.874061
Foch,2023-12-15 08:48:14,Place Albert 1er - St-Charles,2023-12-15 08:51:13,174,686.0,43.6109947,3.8733344,43.6165623,3.874061
Charles Flahault,2023-12-15 08:47:21,Saint-Denis,2023-12-15 08:56:29,543,1864.0,43.6184031,3.8663896,43.6050394,3.8750227
Saint-Denis,2023-12-15 08:46:54,Richter,2023-12-15 09:04:32,1053,3691.0,43.6050394,3.8750227,43.6037969,3.8989223
Charles Flahault,2023-12-15 08:46:07,Place Albert 1er - St-Charles,2023-12-15 08:52:04,352,876.0,43.6184031,3.8663896,43.6165623,3.874061
Saint-Denis,2023-12-15 08:44:25,Saint-Denis,2023-12-15 08:46:32,122,165.0,43.6050394,3.8750227,43.6050394,3.8750227
Observatoire,2023-12-15 08:44:09,Père Soulas,2023-12-15 09:04:55,1232,3450.0,43.61452665,3.871080728556718,43.6219699,3.855618
Saint-Denis,2023-12-15 08:43:44,Saint-Denis,2023-12-15 08:44:04,16,0.0,43.6050394,3.8750227,43.6050394,3.8750227
Occitanie,2023-12-15 08:42:55,Renouvier,2023-12-15 11:03:15,8416,5738.0,43.6343466,3.8486780499999984,43.60358,3.8678865
Saint-Denis,2023-12-15 08:35:30,Nombre d'Or,2023-12-15 18:09:49,34455,7863.0,43.6050394,3.8750227,43.6079002,3.8866534
Charles Flahault,2023-12-15 08:33:18,Richter,2023-12-15 08:47:53,870,4126.0,43.6184031,3.8663896,43.6037969,3.8989223
Foch,2023-12-15 08:31:52,Renouvier,2023-12-15 08:36:00,243,1049.0,43.6109947,3.8733344,43.60358,3.8678865
Renouvier,2023-12-15 08:31:03,Médiathèque Emile Zola,2023-12-15 10:31:31,850,2728.0,43.60358,3.8678865,43.6082468,3.8930561
Antigone Centre,2023-12-15 08:30:49,Renouvier,2023-12-15 08:48:28,1055,2446.0,43.6079184,3.8905276,43.60358,3.8678865
Hôtel de Ville,2023-12-15 08:28:29,Fac des Sciences,2023-12-15 08:51:29,1375,59.0,43.5985194,3.896631891721937,43.6312537,3.8612405
Hôtel de Ville,2023-12-15 08:28:15,Fac des Sciences,2023-12-15 08:49:23,1264,57.0,43.5985194,3.896631891721937,43.6312537,3.8612405
Gambetta,2023-12-15 08:28:00,Voltaire,2023-12-15 08:34:03,359,1721.0,43.6040006,3.8713632,43.6037049,3.8892253
Hôtel de Ville,2023-12-15 08:26:31,Fac des Sciences,2023-12-15 08:51:44,1509,55.0,43.5985194,3.896631891721937,43.6312537,3.8612405
Hôtel de Ville,2023-12-15 08:26:14,Fac des Sciences,2023-12-15 08:52:22,1564,55.0,43.5985194,3.896631891721937,43.6312537,3.8612405
Hôtel de Ville,2023-12-15 08:24:34,Fac des Sciences,2023-12-15 08:52:07,1649,53.0,43.5985194,3.896631891721937,43.6312537,3.8612405
Hôtel de Ville,2023-12-15 08:24:17,Fac des Sciences,2023-12-15 08:52:39,1698,57.0,43.5985194,3.896631891721937,43.6312537,3.8612405
Foch,2023-12-15 08:23:38,Antigone Centre,2023-12-15 08:30:28,405,1605.0,43.6109947,3.8733344,43.6079184,3.8905276
Hôtel de Ville,2023-12-15 08:22:34,Vert Bois,2023-12-15 08:57:23,2085,71.0,43.5985194,3.896631891721937,,
Hôtel de Ville,2023-12-15 08:22:18,Vert Bois,2023-12-15 08:57:24,2102,71.0,43.5985194,3.896631891721937,,
Près d'Arènes,2023-12-15 08:18:08,Les Aubes,2023-12-15 08:43:19,1506,3440.0,43.5936317,3.8877518,43.6192157,3.8913335
Place Albert 1er - St-Charles,2023-12-15 08:15:19,Gambetta,2023-12-15 08:22:14,411,1294.0,43.6165623,3.874061,43.6040006,3.8713632
Richter,2023-12-15 08:14:10,Vert Bois,2023-12-15 08:58:14,2639,89.0,43.6037969,3.8989223,,
Richter,2023-12-15 08:13:51,Vert Bois,2023-12-15 08:58:11,2655,91.0,43.6037969,3.8989223,,
Saint-Guilhem - Courreau,2023-12-15 08:12:19,Occitanie,2023-12-15 08:27:16,891,3710.0,43.6081132,3.8735064,43.6343466,3.8486780499999984
Richter,2023-12-15 08:12:06,Vert Bois,2023-12-15 08:59:18,2828,79.0,43.6037969,3.8989223,,
Richter,2023-12-15 08:11:38,Richter,2023-12-15 08:11:56,14,0.0,43.6037969,3.8989223,43.6037969,3.8989223
Richter,2023-12-15 08:11:17,Vert Bois,2023-12-15 08:58:40,2839,93.0,43.6037969,3.8989223,,
Richter,2023-12-15 08:08:59,Vert Bois,2023-12-15 08:59:13,3010,77.0,43.6037969,3.8989223,,
Richter,2023-12-15 08:08:45,Vert Bois,2023-12-15 08:59:13,3024,81.0,43.6037969,3.8989223,,
Richter,2023-12-15 08:06:52,Vert Bois,2023-12-15 09:00:07,3191,83.0,43.6037969,3.8989223,,
Richter,2023-12-15 08:06:37,Vert Bois,2023-12-15 09:00:05,3204,83.0,43.6037969,3.8989223,,
Hôtel de Ville,2023-12-15 08:05:44,Hôtel de Ville,2023-12-15 11:24:39,11930,12127.0,43.5985194,3.896631891721937,43.5985194,3.896631891721937
Charles Flahault,2023-12-15 07:53:21,Renouvier,2023-12-15 08:03:23,597,1678.0,43.6184031,3.8663896,43.60358,3.8678865
Comédie,2023-12-15 07:47:17,Saint-Denis,2023-12-15 07:51:59,278,498.0,43.60918635,3.8815040936105776,43.6050394,3.8750227
Les Aubes,2023-12-15 07:43:25,Comédie,2023-12-15 07:54:32,664,2131.0,43.6192157,3.8913335,43.60918635,3.8815040936105776
Les Aubes,2023-12-15 07:30:55,Place Albert 1er - St-Charles,2023-12-15 07:38:32,453,1843.0,43.6192157,3.8913335,43.6165623,3.874061
Louis Blanc,2023-12-15 06:46:34,Albert 1er - Cathedrale,2023-12-15 07:42:33,3355,6091.0,43.6146919,3.8782052427712976,43.6148176,3.8737832
Comédie,2023-12-15 06:43:53,Renouvier,2023-12-15 06:51:35,457,1149.0,43.60918635,3.8815040936105776,43.60358,3.8678865
Rue Jules Ferry,2023-12-15 05:28:06,Boutonnet,2023-12-15 05:43:28,917,3038.0,43.60538357410034,3.881074193325897,43.6198269,3.8681402
Rue Jules Ferry,2023-12-15 05:27:33,Boutonnet,2023-12-15 05:44:21,1002,2746.0,43.60538357410034,3.881074193325897,43.6198269,3.8681402
Place Viala,2023-12-15 05:21:03,Rue Jules Ferry,2023-12-15 05:32:44,696,2634.0,43.6168167,3.8550842,43.60538357410034,3.881074193325897
Parvis Jules Ferry,2023-12-15 05:14:12,Port Marianne,2023-12-15 05:35:36,1280,4414.0,43.87068,3.83801,43.6059165,3.9168169
Parvis Jules Ferry,2023-12-15 05:12:44,Parvis Jules Ferry,2023-12-15 05:13:03,14,0.0,43.87068,3.83801,43.87068,3.83801
Occitanie,2023-12-15 05:08:36,Observatoire,2023-12-15 05:24:09,928,3902.0,43.6343466,3.8486780499999984,43.61452665,3.871080728556718
Deux Ponts - Gare Saint-Roch,2023-12-15 03:50:54,Corum,2023-12-15 03:58:45,468,1408.0,43.604359,3.8810025,43.614366,3.882027979797976
Cité Mion,2023-12-15 03:49:50,Nouveau Saint-Roch,2023-12-15 03:53:05,191,751.0,43.6011431,3.8844511,43.5992903,3.8756446
Port Marianne,2023-12-15 03:41:21,Deux Ponts - Gare Saint-Roch,2023-12-15 03:51:23,597,1656.0,43.6059165,3.9168169,43.604359,3.8810025
Emile Combes,2023-12-15 03:27:54,Jeu de Mail des Abbés,2023-12-15 03:33:00,302,645.0,43.6167422,3.8799722,43.6198762,3.8840259
Corum,2023-12-15 03:24:46,Jeu de Mail des Abbés,2023-12-15 03:32:57,486,1023.0,43.614366,3.882027979797976,43.6198762,3.8840259
Saint-Guilhem - Courreau,2023-12-15 03:23:27,Boutonnet,2023-12-15 03:30:42,431,1700.0,43.6081132,3.8735064,43.6198269,3.8681402
Saint-Denis,2023-12-15 02:55:02,Place Albert 1er - St-Charles,2023-12-15 03:01:07,359,1343.0,43.6050394,3.8750227,43.6165623,3.874061
Saint-Denis,2023-12-15 02:50:27,Richter,2023-12-15 03:02:49,737,2734.0,43.6050394,3.8750227,43.6037969,3.8989223
Place Albert 1er - St-Charles,2023-12-15 02:47:31,Saint-Denis,2023-12-15 03:05:26,1071,1739.0,43.6165623,3.874061,43.6050394,3.8750227
Place Albert 1er - St-Charles,2023-12-15 02:43:08,Saint-Denis,2023-12-15 03:02:44,1171,1939.0,43.6165623,3.874061,43.6050394,3.8750227
Place Albert 1er - St-Charles,2023-12-15 02:41:57,Saint-Denis,2023-12-15 02:57:37,935,1482.0,43.6165623,3.874061,43.6050394,3.8750227
Place Albert 1er - St-Charles,2023-12-15 02:41:41,Place Albert 1er - St-Charles,2023-12-15 02:42:06,20,0.0,43.6165623,3.874061,43.6165623,3.874061
Place Albert 1er - St-Charles,2023-12-15 02:41:09,Place Albert 1er - St-Charles,2023-12-15 02:41:40,26,0.0,43.6165623,3.874061,43.6165623,3.874061
Albert 1er - Cathedrale,2023-12-15 02:39:03,Boutonnet,2023-12-15 02:49:54,646,1143.0,43.6148176,3.8737832,43.6198269,3.8681402
Louis Blanc,2023-12-15 02:26:49,Malbosc,2023-12-15 02:47:52,1258,4331.0,43.6146919,3.8782052427712976,43.634623000000005,3.833112359072003
Place Albert 1er - St-Charles,2023-12-15 02:12:58,Malbosc,2023-12-15 02:50:23,2242,5580.0,43.6165623,3.874061,43.634623000000005,3.833112359072003
Comédie,2023-12-15 02:01:52,Occitanie,2023-12-15 02:33:35,1898,3906.0,43.60918635,3.8815040936105776,43.6343466,3.8486780499999984
Halles Castellane,2023-12-15 01:50:01,Plan Cabanes,2023-12-15 01:58:40,507,820.0,43.61012445,3.876843401959306,43.60849965,3.868610969046943
Comédie,2023-12-15 01:50:01,Médiathèque Emile Zola,2023-12-15 10:31:38,532,1839.0,43.60918635,3.8815040936105776,43.6082468,3.8930561
Comédie,2023-12-15 01:49:57,Boutonnet,2023-12-15 02:03:54,832,2144.0,43.60918635,3.8815040936105776,43.6198269,3.8681402
Halles Castellane,2023-12-15 01:48:50,Beaux-Arts,2023-12-15 01:54:16,316,1188.0,43.61012445,3.876843401959306,43.6164388,3.8803169
Comédie,2023-12-15 01:48:46,Comédie,2023-12-15 01:49:40,49,22.0,43.60918635,3.8815040936105776,43.60918635,3.8815040936105776
Halles Castellane,2023-12-15 01:47:39,Halles Castellane,2023-12-15 01:48:16,32,0.0,43.61012445,3.876843401959306,43.61012445,3.876843401959306
Fac des Sciences,2023-12-15 01:46:59,Nouveau Saint-Roch,2023-12-15 02:20:18,1995,6763.0,43.6312537,3.8612405,43.5992903,3.8756446
Fac des Sciences,2023-12-15 01:45:45,Fac des Sciences,2023-12-15 01:48:34,164,0.0,43.6312537,3.8612405,43.6312537,3.8612405
Boutonnet,2023-12-15 01:45:28,Occitanie,2023-12-15 01:58:05,751,2305.0,43.6198269,3.8681402,43.6343466,3.8486780499999984
Plan Cabanes,2023-12-15 01:42:12,Place Viala,2023-12-15 10:47:11,32695,1621.0,43.60849965,3.868610969046943,43.6168167,3.8550842
Plan Cabanes,2023-12-15 01:41:43,Plan Cabanes,2023-12-15 16:45:25,54220,3647.0,43.60849965,3.868610969046943,43.60849965,3.868610969046943
Halles Castellane,2023-12-15 01:36:51,Celleneuve,2023-12-15 02:00:44,1423,3675.0,43.61012445,3.876843401959306,43.6137045,3.8245262
Halles Castellane,2023-12-15 01:36:08,Halles Castellane,2023-12-15 01:36:29,16,0.0,43.61012445,3.876843401959306,43.61012445,3.876843401959306
Corum,2023-12-15 01:34:57,Médiathèque Emile Zola,2023-12-15 01:49:44,883,1564.0,43.614366,3.882027979797976,43.6082468,3.8930561
Corum,2023-12-15 01:34:02,Corum,2023-12-15 01:34:20,14,2.0,43.614366,3.882027979797976,43.614366,3.882027979797976
Corum,2023-12-15 01:33:19,Médiathèque Emile Zola,2023-12-15 01:50:30,1026,1588.0,43.614366,3.882027979797976,43.6082468,3.8930561
Comedie Baudin,2023-12-15 01:29:48,Comedie Baudin,2023-12-15 01:44:51,898,1502.0,,,,
Pont de Lattes - Gare St-Roch,2023-12-15 01:27:00,Place Viala,2023-12-15 01:58:46,1903,3418.0,43.60431,3.88106,43.6168167,3.8550842
Les Arceaux,2023-12-15 01:25:58,Occitanie,2023-12-15 11:02:15,34574,3020.0,43.6118401,3.8623604,43.6343466,3.8486780499999984
Comédie,2023-12-15 01:20:43,Comédie,2023-12-15 01:21:41,53,12.0,43.60918635,3.8815040936105776,43.60918635,3.8815040936105776
Comédie,2023-12-15 01:17:16,Comédie,2023-12-15 01:21:44,264,93.0,43.60918635,3.8815040936105776,43.60918635,3.8815040936105776
Comédie,2023-12-15 01:16:37,Comédie,2023-12-15 01:19:48,188,2.0,43.60918635,3.8815040936105776,43.60918635,3.8815040936105776
Boutonnet,2023-12-15 01:15:29,Deux Ponts - Gare Saint-Roch,2023-12-15 01:29:45,852,2650.0,43.6198269,3.8681402,43.604359,3.8810025
Rue Jules Ferry,2023-12-15 01:08:13,Port Marianne,2023-12-15 01:20:23,725,2137.0,43.60538357410034,3.881074193325897,43.6059165,3.9168169
Comédie,2023-12-15 01:01:59,Comédie,2023-12-15 01:02:39,35,2.0,43.60918635,3.8815040936105776,43.60918635,3.8815040936105776
Louis Blanc,2023-12-15 00:59:51,Antigone Centre,2023-12-15 01:12:20,743,1829.0,43.6146919,3.8782052427712976,43.6079184,3.8905276
Comédie,2023-12-15 00:58:40,Hôtel de Ville,2023-12-15 01:09:20,636,2231.0,43.60918635,3.8815040936105776,43.5985194,3.896631891721937
Port Marianne,2023-12-15 00:45:48,Louis Blanc,2023-12-15 01:08:39,1367,3297.0,43.6059165,3.9168169,43.6146919,3.8782052427712976
Port Marianne,2023-12-15 00:40:50,Place Albert 1er - St-Charles,2023-12-15 00:57:09,974,3475.0,43.6059165,3.9168169,43.6165623,3.874061
Corum,2023-12-15 00:35:21,Antigone Centre,2023-12-15 00:52:44,1039,2644.0,43.614366,3.882027979797976,43.6079184,3.8905276
Corum,2023-12-15 00:34:50,Antigone Centre,2023-12-15 00:52:42,1068,2597.0,43.614366,3.882027979797976,43.6079184,3.8905276
Boutonnet,2023-12-15 00:16:56,Louis Blanc,2023-12-15 00:24:37,457,1439.0,43.6198269,3.8681402,43.6146919,3.8782052427712976
Rue Jules Ferry,2023-12-15 00:12:07,Odysseum,2023-12-15 00:32:33,1221,3914.0,43.60538357410034,3.881074193325897,43.60441055,3.9212018171142855
Albert 1er - Cathedrale,2023-12-15 00:09:33,Père Soulas,2023-12-15 00:19:59,619,2201.0,43.6148176,3.8737832,43.6219699,3.855618
Foch,2023-12-15 00:01:41,Place Viala,2023-12-15 00:11:23,575,1743.0,43.6109947,3.8733344,43.6168167,3.8550842
